Артикул,Наименование,Описание,Родительская категория>Подкатегория>Подподкатегория,"Розничнаяцена₽
(ЦЕНАИЗТАБЛИЦ)",Остаток,Картинки
3579,"Самокле гидроиз лента DLT,рулон 12см*10м","Эластичная самоклеящаяся полимерная лента для гидроизоляции примыканий и швов в гидроизоляционных системах, обеспечивает рабочую эластичную зону по всей ширине за счет равномерного покрытия нетканым полипропиленовым полотном. Нетканый материал обеспечивает хорошую прочность сцепления клея между мембраной и основанием, а также между мембраной и покрытием из керамической плитки, камня. Мембрана специально разработана для обеспечения водонепроницаемости душевых кабин и других влажных помещений. Применяется для герметизации стыков, а также соединения «пол – стена», внутренние и наружные углы.

Лента гибкая и повторяет различные контуры основания, загибаясь вверх у стен и складываясь в углах. На нижнюю сторону полотна нанесен слой клея, позволяющий отказаться от применения плиточных клеев для оснований, обеспечивает гидроизоляцию и изоляцию трещин/ перекрытие швов при укладке тонкослойной керамической и каменной плитки. Это идеальное полотно для защиты основания от проникновения влаги.",Инструмент для укладки плитки>Разделительные гидроизоляционные мембраны,2800,2,https://stroitelnyiexpert.ru/wp-content/uploads/2025/04/Seans-v-studii-222-1-scaled.jpg
40041,"Телескопический удлинитель Rollingdog 70-120см,аллюминий, серия Professional","Профессиональный телескопический малярный удлинитель с прочной пластиковой поворотной блокировкой, который можно отрегулировать на любую длину в диапазоне 70-120см. Предназначен для использования в качестве удлинителя для малярного инструмента. Алюминиевый корпус удлинителя обеспечит надежность и легкость конструкции, а удобная рукоятка сделает работу еще комфортней. Возможность установки различной длины ручки позволяет выполнять работы в труднодоступных местах без использования стремянки. Может применяться с малярными инструментами оснащёнными конусным креплением (соединение защелка).
Совместим с адаптером для удлинителя Rollingdog арт.40060, тем самым позволяя использовать удлинитель под резьбовое соединение. ",Малярный и штукатурный инструмент>Телескопические удлинители,850,,https://stroitelnyiexpert.ru/wp-content/uploads/2025/04/6984927426-scaled.jpg
GXTIP517,СОПЛО LP 517,"Сопло HYVST (тип Graco FRAC X) используются для внутренних или наружных окрасочных работ в жилых и коммерческих помещениях, на производственных объектах (в целом подходит для окрашивания методом распыления). Это высокопроизводительные сопла длительного использования, разработанные таким образом, чтобы длительно удерживать широкую струю распыла. Сопло для максимальной производительности, когда избыточное распыление не представляет проблемы.

Сопло устанавливается в окрасочный пистолет и фиксируется соплодержателем. После прохождения окрасочного материала через сопло, материал разбивается на мелкие капли образуя при этом факел  с правильной формой,  в том случае если сопло засоряется, вы просто поворачиваете его на 180 Градусов и прочищаете струей краски. В конце смены сопло необходимо достать из пистолета, промыть.

Форсунка поворотная безвоздушное имеет два режима:

прямой — для распыления, направление распыления указывается стрелкой на оперение сопла;
обратный — для прочистки сопла струёй краски. В обратный режим сопло переводится поворотом на 180 Градусов.
Рабочее давление на поворотном сопле составляет 170-180 бар. Такое давление способен создавать любой безвоздушный покрасочный аппарат, вне зависимости от производительности. Производительность аппарата влияет лишь на максимально возможный диаметр сопла, который указывается производителем в паспорте аппарата. Сопло RAC X позволяет материалу вылетать с большой скоростью, в результате образуется плоский факел. Факел сопла характеризуется углом раскрытия — узким или широким. Угол задается соплом и выточен на заводе изготовителе. ",Окрасочные аппараты и аксессуары>Сопла для окрасочных аппаратов,3600,,https://stroitelnyiexpert.ru/wp-content/uploads/2025/04/Seans-v-studii-206-scaled.jpg
80627,Ручка-держатель с магн для кисточки Rollingdog,"Удобная многоцелевая ручка-держатель со специальным креплением надежно держит банку краски (до 1 литра). Магнит удерживает кисточку и не дает ей погрузиться в краску. Металлический наконечник открывает банки с краской. Зубчатый край помогает очистить кисть после завершения покраски, в то время как вогнутая сторона ручки хорошо подходит для удаления краски с валиков. Удобные мелочи для отличного результата!",Малярный и штукатурный инструмент>Кисти малярные>Аксессуары,550,3,https://stroitelnyiexpert.ru/wp-content/uploads/2025/04/ukryvnaya-plenka-na-malyarnoy-lente-rollingdog-30m-h-1-1m-art-80499-1-800x800-1.jpg
10265,"Кисть Rollingdog 25.4 мм 1"", DOBERMAN прямой срез","Профессиональная линия кистей X1000, предназначена для мастеров, которым требуется высочайшее качество. В этих кистях продумано все: эргономичная форма ручки из букового дерева, премиальная синтетическая нить, ободок из нержавеющей стали. Лазерная гравировка выполняется не только по эстетическим соображениям, она обеспечивает гораздо большее удобство использования кисти, позволяя коже на руке больше дышать, уменьшая потоотделение и усталость при длительном использовании. Круглая коническая 100% синтетическая нить премиум-класса SRT Synthetic обеспечивает превосходную гладкость покрытия. Легко отмывается от краски. Жесткость щетины: средняя. Идеальны для красок на водной основе. Запатентовано. Прямой срез обеспечивает равномерное нанесение материала на поверхность, а полиэстер - долговечность и устойчивость к износу.",Малярный и штукатурный инструмент>Кисти малярные>Плоские кисти>Прямой срез,350,6,"https://stroitelnyiexpert.ru/wp-content/uploads/2025/04/10265_1-scaled.jpg,https://stroitelnyiexpert.ru/wp-content/uploads/2025/04/10265_2-scaled.jpg,https://stroitelnyiexpert.ru/wp-content/uploads/2025/04/10265_3.jpg,https://stroitelnyiexpert.ru/wp-content/uploads/2025/04/nabor-kistey-rollingdog-dt1000-smeshannaya-shchetina-seriya-professional-art-10248-1-800x800-1.jpg,https://stroitelnyiexpert.ru/wp-content/uploads/2025/04/nabor-kistey-rollingdog-dt1000-smeshannaya-shchetina-seriya-professional-art-10248-2-800x800-1.jpg,https://stroitelnyiexpert.ru/wp-content/uploads/2025/04/nabor-kistey-rollingdog-dt1000-smeshannaya-shchetina-seriya-professional-art-10248-3-800x800-1.jpg"
10667,"Кисть Rollingdog 50 мм , DOBERMAN прямой срез","Профессиональная кисть DOBERMAN™ BP1000 - идеальный инструмент для работы с красками на масляной основе. Эргономичная ручка из бука, премиальный синтетический ворс, ободок из нержавеющей стали - все это обеспечивает комфортную и эффективную работу. Кисти имеют лазерную гравировку не только в качестве декора, но и для улучшения функциональности, позволяя кисти “дышать” и уменьшать потоотделение и усталость при длительной работе.

Особенности и преимущества кисти DOBERMAN™ BP1000:

Высококачественный материал, который обеспечивает долговечность и надежность кисти.

Универсальность: подходит для работы с любыми видами красок, включая масляные, акриловые, латексные и т.д.

Удобство использования: эргономичная ручка позволяет работать кистью без усталости в руке.

Эффективное нанесение краски: кисть обеспечивает равномерное и гладкое покрытие окрашиваемой поверхности.

Оптимальный размер: кисть имеет ширину 50мм, что позволяет работать с различными поверхностями и деталями. 

 
Кисть DOBERMAN™ BP1000 станет незаменимым помощником для всех, кто занимается покрасочными работами.",Малярный и штукатурный инструмент>Кисти малярные>Плоские кисти>Угловой срез,450,15,"https://stroitelnyiexpert.ru/wp-content/uploads/2025/04/10667_1-scaled.jpg,https://stroitelnyiexpert.ru/wp-content/uploads/2025/04/10667_2-scaled.jpg,https://stroitelnyiexpert.ru/wp-content/uploads/2025/04/10667_3.jpg,https://stroitelnyiexpert.ru/wp-content/uploads/2025/04/nabor-kistey-s-korotkoy-ruchkoy-rollingdog-22-50mm-sintetika-seriya-professional-art-10595-1-800x800-2.jpg"
10267,"Кисть Rollingdog 50,8 мм 2"", DOBERMAN прямой срез","Профессиональная линия кистей X1000, предназначена для мастеров, которым требуется высочайшее качество. В этих кистях продумано все: эргономичная форма ручки из букового дерева, премиальная синтетическая нить, ободок из нержавеющей стали. Лазерная гравировка выполняется не только по эстетическим соображениям, она обеспечивает гораздо большее удобство использования кисти, позволяя коже на руке больше дышать, уменьшая потоотделение и усталость при длительном использовании. Щетина: круглая коническая 100% синтетическая нить премиум-класса SRT Synthetic обеспечивает превосходную гладкость покрытия. Легко отмывается от краски. Жесткость щетины: средняя. Идеальны для красок на водной основе. Запатентовано. Прямой срез обеспечивает равномерное нанесение материала на поверхность, а полиэстер - долговечность и устойчивость к износу.",Малярный и штукатурный инструмент>Кисти малярные>Плоские кисти>Угловой срез,450,11,"https://stroitelnyiexpert.ru/wp-content/uploads/2025/04/10267_1-scaled.jpg,https://stroitelnyiexpert.ru/wp-content/uploads/2025/04/10267_2-scaled.jpg,https://stroitelnyiexpert.ru/wp-content/uploads/2025/04/10267_3.jpg,https://stroitelnyiexpert.ru/wp-content/uploads/2025/04/nabor-kistey-rollingdog-dt1000-smeshannaya-shchetina-seriya-professional-art-10248-1-800x800-1.png,https://stroitelnyiexpert.ru/wp-content/uploads/2025/04/nabor-kistey-rollingdog-dt1000-smeshannaya-shchetina-seriya-professional-art-10248-4-800x800-1.jpg,https://stroitelnyiexpert.ru/wp-content/uploads/2025/04/nabor-kistey-rollingdog-dt1000-smeshannaya-shchetina-seriya-professional-art-10248-5-800x800-2.jpg"
10193,"Кисть Rollingdog 50,8 мм 2"", PAINT BRUSH косой срез","Профессиональная линия кистей W1000. Щетина: круглая коническая 100% синтетическая нить премиум-класса SRT Synthetic обеспечивает превосходную гладкость покрытия. Легко отмывается от краски. Жесткость щетины: средняя, идеально подходит для выполнения тонких работ и проработки деталей. Наконечник из нержавеющей стали прочно удерживает нити, легко моется и устойчив к коррозии. Длинная ручка из твердой древесины обеспечивает отличный баланс и контроль при работе. Идеальны для красок на водной основе.

Рабочая ширина кисти составляет 50мм. Изделие серии Professional отличается высокой производительностью и качеством работы.",Малярный и штукатурный инструмент>Кисти малярные>Плоские кисти>Угловой срез,280,,"https://stroitelnyiexpert.ru/wp-content/uploads/2025/04/10193_1-scaled.jpg,https://stroitelnyiexpert.ru/wp-content/uploads/2025/04/10193_2-scaled.jpg,https://stroitelnyiexpert.ru/wp-content/uploads/2025/04/10193_3.jpg,https://stroitelnyiexpert.ru/wp-content/uploads/2025/04/10193_4-scaled.jpg,https://stroitelnyiexpert.ru/wp-content/uploads/2025/04/kist-rollingdog-w1000-75mm-pryamoy-srez-sintetika-seriya-professional-art-10191-1-800x800-1.jpg,https://stroitelnyiexpert.ru/wp-content/uploads/2025/04/kist-rollingdog-w1000-75mm-pryamoy-srez-sintetika-seriya-professional-art-10191-2-800x800-1.jpg"
10273,"Кисть Rollingdog 50,8мм 2"", DOBERMAN косой срез","Профессиональные кисти Rollingdog X1000 разработаны специально для специалистов, требующих наивысшего качества в инструментах. Эргономичная ручка из бука, премиальный синтетический ворс, ободок из нержавеющей стали - все это обеспечивает комфортную и эффективную работу. Кисти имеют лазерную гравировку не только в качестве декора, но и для улучшения функциональности, позволяя кисти “дышать” и уменьшать потоотделение и усталость при длительной работе. Ворс SRT Synthetic премиум-класса обеспечивает превосходную гладкость поверхности и легко моется от краски. Щетина средней жесткости идеально подходит для красок на водной основе. Запатентованная конструкция гарантирует превосходное качество и долгий срок службы кистей.",Малярный и штукатурный инструмент>Кисти малярные>Плоские кисти>Угловой срез,450,,"https://stroitelnyiexpert.ru/wp-content/uploads/2025/04/10273_1-scaled.jpg,https://stroitelnyiexpert.ru/wp-content/uploads/2025/04/10273_2-scaled.jpg,https://stroitelnyiexpert.ru/wp-content/uploads/2025/04/10273_3.jpg,https://stroitelnyiexpert.ru/wp-content/uploads/2025/04/10273_4-scaled.jpg,https://stroitelnyiexpert.ru/wp-content/uploads/2025/04/nabor-kistey-rollingdog-dt1000-smeshannaya-shchetina-seriya-professional-art-10248-1-800x800-1-1.jpg"
3008,"Круг шлифовальный DLT GrandFlex FILM-CERAMIC, P120, 225мм, 10шт, (на плёнке, керамика точной формы)","Шлифовальный круг на пленочной основе с пылеотводом ультрапремиального качества DLT GrandFlex FILM-CERAMIC намного более стойкий к разрыву, чем бумажный, обеспечивает сверхбыстрое удаление и превосходное качество обрабатываемой поверхности. Круг на пленочной основе содержит керамические абразивные зерна точной формы открытого типа скрепленными смолой на смоле, тем самым обеспечивая превосходную производительность и срок службы на самых разных материалах. Открытая структура обеспечивает пространство для удаления пыли помогая избежать забивания режущей кромки зерен. Режущие кромки абразивных частиц самозатачиваются по мере износа, обеспечивая непревзойденно высокую скорость съема материала. Пленка в качестве основы обеспечивает высокую прочность, защиту от деформации, сверхровную поверхность, термостойкость, отличную гибкость и более гладкую поверхность. Система крепления «крючок-петля» обеспечивает быструю и простую смену кругов. Может использоваться в сухом или влажном виде.

- Материал ультрапремиального класса

- Высокая режущая способность за счет керамического зерна точной формы

- Превосходная производительность и срок службы

- Самозатачиваются режущая кромка абразивных частиц по мере износа

- Пленочная основа обеспечивает большую стойкость к разрыву и более крепкую кромку

- Может использоваться в сухом или влажном виде.","Шлифовальные машины для стен, потолков и пола>Шлифовальные круги и сетки>P120-150",1280,1,https://stroitelnyiexpert.ru/wp-content/uploads/2025/04/krug_shlifovalnyy_dlt_grandflex_film_ceramic_p120_225mm_10sht_na_plyenke_keramika_tochnoy_formy.jpg