"ID","Артикул","Категория","Название товара","Картинка","Цена товара","Остаток на складе","Остаток на складе Ростов-на-Дону","Ссылка на товар","Описание","Модель товара/model/Артикул","Название производителя/Бренд","Страна производства","Вес товара","Габариты товара","Группа товара/group_id","Емкость бачка","Частота сети, Гц","Потребляемый ток, А","Потребляемая мощность ММА, А","Потребляемая мощность TIG, А","ПВ (40 градусов Цельсия), %","Напряжение холостого хода, В","Сварочный ток MMA, А","Сварочный ток MIG, А","Сварочный ток TIG AC, А","Сварочный ток TIG DC, А","Минимальный диаметр сварочной проволоки MIG, мм","Максимальный диаметр сварочной проволоки MIG, мм","Шум","Максимальный диаметр электрода MMA, мм","Максимальная масса катушки, кг","Скорость подачи проволоки, м/мин","Количество роликов, шт","КПД, %","Степень защиты","Доп. изображения","Расход воздуха","Давление подачи воздуха","Напряжение сети, В","Ширина линий","Страна изготовитель","Максимальный расход краски","Напряжение","Производительность, л/м","Сопло","Видео","Длина электрического кабеля","Количество пистолетов","Максимальная длина шланга","Максимальная скорость","Максимальное давление","Максимальное количество двоичных ходов в минуту","Максимальное сопло","Мотор","Распыление краски","Мощность","Назначение","Резьба на входе воздуха","Насосы подающие","Номинальная мощность","Объем подачи за двоичный ход","Передаточное соотношение","Подача воздуха от компрессора","Привод насоса","Применение","Размер","Расположение бачка","Насос","Вес в упаковке, кг","Давление","Вид насоса","Стеклошарики","Тип двигателя","Плавный пуск","Пропускная способность","Регулировка оборотов","Диаметр диска","Подключение к пылесосу","Min число оборотов","Амплитуда колебания","Тормоз подошвы","Число оборотов"
"13315","07041020","Запчасти для HYVST SPT 490","*07041020 фильтр в аппарат для установок SPT490/SPT690 (аналоги 637FB60)","https://specokraska.ru/upload/iblock/d23/j6vf4zbfikrubzodtgu7v41auwt19gz7/af15783d-0bdf-11e4-940e-d4ae52a67367_8a7bd5ad-bf7e-11ee-ae41-b03af61ad78a.resize1.jpg","200","403","39","https://specokraska.ru/catalog/zapchasti-k-oborudovaniyu-hyvst/zapchasti-dlya-okrasochnykh-apparatov-hyvst/zapchasti-dlya-hyvst-spt-490/07041020-filtr-v-apparat-dlya-ustanovok-spt490-spt690-analogi-637fb60/","*07041020 фильтр в аппарат для установок SPT490/SPT690 (аналоги 637FB60)","07041020","SCHTAER,SCHTAER","","","","973","","","","","","","","","","","","","","","","","","","","","https://specokraska.ru/upload/iblock/755/1nabj1qoiajmk25tecywshzngjjuhgao/af15783d-0bdf-11e4-940e-d4ae52a67367_8a7bd5e1-bf7e-11ee-ae41-b03af61ad78a.resize1.jpg","","","","","","","","","","","","","","","","","","","","","","","","","","","","","","","","","","","","","","","","","","","","","",""
"14893","17000400D-3","Комплектующие для окрасочного оборудования","*17000400D-3 удочка 30 см,  7/8""","https://specokraska.ru/upload/iblock/979/ttp6any5fpnm5h61fethsed9e14q7733/a1a8e6e3-0bf7-11e4-940e-d4ae52a67367_a8be2cc4-c65c-11ee-ae41-b03af61ad78a.resize1.jpg","500","362","11","https://specokraska.ru/catalog/komplektuyushchie/17000400d-3-udochka-30-sm-7-8/","*17000400D-3 удочка 30 см,  7/8""","17000400D-3","SCHTAER,SCHTAER","","","","160","","","","","","","","","","","","","","","","","","","","","","","","","","","","","","","","","","","","","","","","","","","","","","","","","","","","","","","","","","","","","","","","","","",""
"14895","17000400D-15","Комплектующие для окрасочного оборудования","*17000400D-15 удочка 150 см, 7/8""","https://specokraska.ru/upload/iblock/77f/3e0dztuwxjs78lse44lfhighxwtslwqb/a1a8e6ee-0bf7-11e4-940e-d4ae52a67367_d8dc71e8-c65c-11ee-ae41-b03af61ad78a.resize1.jpg","1200","595","10","https://specokraska.ru/catalog/komplektuyushchie/17000400d-15-udochka-150-sm-7-8/","*17000400D-15 удочка 150 см, 7/8""","17000400D-15","SCHTAER,SCHTAER","","","","160","","","","","","","","","","","","","","","","","","","","","","","","","","","","","","","","","","","","","","","","","","","","","","","","","","","","","","","","","","","","","","","","","","",""
"14896","7031000","Комплектующие для окрасочного оборудования","*7031000 соплодержатель 7/8"" (взаимозаменяем с 7031000-3)","https://specokraska.ru/upload/iblock/a20/mcg4mj0drliq0aunr30w93l45uisaliw/50cb4140-0c0b-11e4-940e-d4ae52a67367_9d162872-d03a-11f0-ae57-b03af61ad78a.resize1.jpg","500","525","25","https://specokraska.ru/catalog/komplektuyushchie/7031000-soploderzhatel-7-8-vzaimozamenyaem-s-7031000-3/","*7031000 соплодержатель 7/8"" (взаимозаменяем с 7031000-3)","7031000","SCHTAER,SCHTAER","","","","160","","","","","","","","","","","","","","","","","","","","","https://specokraska.ru/upload/iblock/b4b/2u11zdre2tk4e8cd9ntii12vsajpg00h/50cb4140-0c0b-11e4-940e-d4ae52a67367_287ef78e-1e9a-11f0-ae4e-b03af61ad78a.resize1.jpg","","","","","","","","","","","","","","","","","","","","","","","","","","","","","","","","","","","","","","","","","","","","","",""
"14908","17000400D-10 ","Комплектующие для окрасочного оборудования","*17000400D-10 удочка 100 см, 7/8""","https://specokraska.ru/upload/iblock/dc2/lity7lv90xcssvvxbx4h4lkswsj5a433/fda94b14-0079-11ea-945d-d4ae52a67367_53863e2c-bf53-11ee-ae41-b03af61ad78a.resize1.jpg","900","580","13","https://specokraska.ru/catalog/komplektuyushchie/17000400d-10-udochka-100-sm-7-8/","*17000400D-10 удочка 100 см, 7/8""","17000400D-10 ","SCHTAER,SCHTAER","","","","160","","","","","","","","","","","","","","","","","","","","","https://specokraska.ru/upload/iblock/951/auot6jc90m6327bkfyy4u92mm26i92b0/fda94b14-0079-11ea-945d-d4ae52a67367_53863e60-bf53-11ee-ae41-b03af61ad78a.resize1.jpg","","","","","","","","","","","","","","","","","","","","","","","","","","","","","","","","","","","","","","","","","","","","","",""
"14909","17000400D-5","Комплектующие для окрасочного оборудования","*17000400D-5 Удочка 50 см 7/8""","https://specokraska.ru/upload/iblock/11e/c6yqke8vbj9n53yzwwrypans11v8lenj/966d083e-5190-11ea-9461-d4ae52a67367_154c9697-bf53-11ee-ae41-b03af61ad78a.resize1.jpg","600","66","9","https://specokraska.ru/catalog/komplektuyushchie/17000400d-5-udochka-50-sm-7-8/","*17000400D-5 Удочка 50 см 7/8""","17000400D-5","SCHTAER,SCHTAER","","","","160","","","","","","","","","","","","","","","","","","","","","https://specokraska.ru/upload/iblock/8a8/ygw36owrprvk3fregec3chqvc1wmc53q/966d083e-5190-11ea-9461-d4ae52a67367_154c96da-bf53-11ee-ae41-b03af61ad78a.resize1.jpg","","","","","","","","","","","","","","","","","","","","","","","","","","","","","","","","","","","","","","","","","","","","","",""
"14910","17000400D-7.5","Комплектующие для окрасочного оборудования","*17000400D-7.5 Удочка 75 см 7/8""","https://specokraska.ru/upload/iblock/125/txjfbm56uebi0wfh352v72xtfdf8j6b7/966d0840-5190-11ea-9461-d4ae52a67367_3417adcc-bf53-11ee-ae41-b03af61ad78a.resize1.jpg","800","885","7","https://specokraska.ru/catalog/komplektuyushchie/17000400d-7-5-udochka-75-sm-7-8/","*17000400D-7.5 Удочка 75 см 7/8""","17000400D-7.5","SCHTAER,SCHTAER","","","","160","","","","","","","","","","","","","","","","","","","","","https://specokraska.ru/upload/iblock/293/1s8svzwsrxjfcelr5xrgk5peh7ashaah/966d0840-5190-11ea-9461-d4ae52a67367_3417ae00-bf53-11ee-ae41-b03af61ad78a.resize1.jpg","","","","","","","","","","","","","","","","","","","","","","","","","","","","","","","","","","","","","","","","","","","","","",""
"14913","243081-1","Комплектующие для окрасочного оборудования","Фильтр Schtaer 100М голубой 243081-1","https://specokraska.ru/upload/iblock/cb5/txqapevpetbvciaat43tc1vxw7wijt98/297c68a9-ffe2-11e6-9439-d4ae52a67367_d844eb0d-d09d-11ee-ae41-b03af61ad78a.resize1.jpg","200","348","16","https://specokraska.ru/catalog/komplektuyushchie/243081-1-filtr-100-mesh-analog-637fb100/","Фильтр предназначен для финишной очистки краски. Он играет важную роль в поддержании качества нанесения краски на поверхность, предотвращая попадание пыли, крупных частиц и других загрязнений, которые могут испортить конечный результат.

Вы можете подобрать фильтр для окрасочного аппарата, исходя из типа наносимого материала и его вязкости. Так, фильтры с крупной сеткой (модификация 30) используются для нанесения высоковязких материалов (краски по металлу, водные и водоэмульсионные краски, латексные краски, антикоррозионные краски, грунтовки по металлу, масленые краски, огнезащитные материалы, теплоизоляционные краски, эмали). Фильтры со средней сеткой (60 и 100) используются для нанесения материалов средней вязкости: краски по металлу, водные краски, водоэмульсионные краски, латексные краски, масленые краски и другие. 


Преимущества:

•    обеспечивает качественное и равномерное покрытие;
•    защищает оборудование от попадание посторонних частиц;
•    помогает поддерживать чистоту рабочего помещения.
","243081-1","SCHTAER,SCHTAER","КИТАЙ","","","160","","","","","","","","","","","","","","","","","","","","","","","","","","","","","","","","","","","","","","","","","","","","","","","","","","","","","","","","","","","","","","","","","","",""
"14916","7031000-2","Комплектующие для окрасочного оборудования","*7031000-2 соплодержатель 7/8"" 500 bar (XHD)","https://specokraska.ru/upload/iblock/5b9/xaxat8e8c52igb2lev5v2wxj98uvmka9/9857cb04-cb3a-11e6-9437-d4ae52a67367_c2c7aefc-d03a-11f0-ae57-b03af61ad78a.resize1.jpg","1320","872","27","https://specokraska.ru/catalog/komplektuyushchie/7031000-2-soploderzhatel-7-8-500-bar-xhd/","*7031000-2 соплодержатель 7/8"" 500 bar (XHD)","7031000-2","SCHTAER,SCHTAER","","","","160","","","","","","","","","","","","","","","","","","","","","","","","","","","","","","","","","","","","","","","","","","","","","","","","","","","","","","","","","","","","","","","","","","",""
"14920","17000400D-2","Комплектующие для окрасочного оборудования","*17000400D-2 удочка 20 см,  7/8""","https://specokraska.ru/upload/iblock/72d/o6zcm6cikkzeez86ehm929kj3lnfkyol/968dbdf8-f948-11eb-ae25-b03af61ad78a_e776d81a-2279-11ef-ae44-b03af61ad78a.resize1.jpg","400","146","7","https://specokraska.ru/catalog/komplektuyushchie/17000400d-2-udochka-20-sm-7-8/","*17000400D-2 удочка 20 см,  7/8""","17000400D-2","SCHTAER,SCHTAER","","","","160","","","","","","","","","","","","","","","","","","","","","","","","","","","","","","","","","","","","","","","","","","","","","","","","","","","","","","","","","","","","","","","","","","",""
"15141","0097024","Фильтры","Фильтр Schtaer 50М белый 0097024 Wagner","https://specokraska.ru/upload/iblock/3fb/4nz2zqfcz32k7yscu1489ahl3qlva7bq/db588938-1626-11e4-940f-d4ae52a67367_cd938c2d-bf7e-11ee-ae41-b03af61ad78a.resize1.jpg","125","422","20","https://specokraska.ru/catalog/komplektuyushchie/filtry/0097024-filtr-setchatyy-50-mesh-belyy-wagner/","Фильтр предназначен для финишной очистки краски. Он играет важную роль в поддержании качества нанесения краски на поверхность, предотвращая попадание пыли, крупных частиц и других загрязнений, которые могут испортить конечный результат.

Вы можете подобрать фильтр для окрасочного аппарата, исходя из типа наносимого материала и его вязкости. Так, фильтры с крупной сеткой (модификация 30) используются для нанесения высоковязких материалов (краски по металлу, водные и водоэмульсионные краски, латексные краски, антикоррозионные краски, грунтовки по металлу, масленые краски, огнезащитные материалы, теплоизоляционные краски, эмали). Фильтры со средней сеткой (60 и 100) используются для нанесения материалов средней вязкости: краски по металлу, водные краски, водоэмульсионные краски, латексные краски, масленые краски и другие. 


Преимущества:

•    обеспечивает качественное и равномерное покрытие;
•    защищает оборудование от попадание посторонних частиц;
•    помогает поддерживать чистоту рабочего помещения.
","0097024","SCHTAER,SCHTAER","КИТАЙ","","","170","","","","","","","","","","","","","","","","","","","","","","","","","","","","","","","","","","","","","","","","","","","","","","","","","","","","","","","","","","","","","","","","","","",""
"15142","0097025","Фильтры","Фильтр Schtaer 30М зеленый 0097025 Wagner","https://specokraska.ru/upload/iblock/ac5/tnk8xxe23id20a75yl2vs671sez66a46/7a4e5686-44a0-11e4-940f-d4ae52a67367_b3bc2e37-bf7e-11ee-ae41-b03af61ad78a.resize1.jpg","125","281","16","https://specokraska.ru/catalog/komplektuyushchie/filtry/0097025-filtr-setchatyy-30-mesh-zelenyy-wagner/","Фильтр предназначен для финишной очистки краски. Он играет важную роль в поддержании качества нанесения краски на поверхность, предотвращая попадание пыли, крупных частиц и других загрязнений, которые могут испортить конечный результат.

Вы можете подобрать фильтр для окрасочного аппарата, исходя из типа наносимого материала и его вязкости. Так, фильтры с крупной сеткой (модификация 30) используются для нанесения высоковязких материалов (краски по металлу, водные и водоэмульсионные краски, латексные краски, антикоррозионные краски, грунтовки по металлу, масленые краски, огнезащитные материалы, теплоизоляционные краски, эмали). Фильтры со средней сеткой (60 и 100) используются для нанесения материалов средней вязкости: краски по металлу, водные краски, водоэмульсионные краски, латексные краски, масленые краски и другие. 


Преимущества:

•    обеспечивает качественное и равномерное покрытие;
•    защищает оборудование от попадание посторонних частиц;
•    помогает поддерживать чистоту рабочего помещения.
","0097025","SCHTAER,SCHTAER","КИТАЙ","","","170","","","","","","","","","","","","","","","","","","","","","","","","","","","","","","","","","","","","","","","","","","","","","","","","","","","","","","","","","","","","","","","","","","",""
"15143","0097023","Фильтры","Фильтр Schtaer 100М желтый 0097023 Wagner","https://specokraska.ru/upload/iblock/38f/1ifid3amno81c65gzbyhg7w02hvtkigf/b52b0796-4540-11e4-940f-d4ae52a67367_e7f552d6-bf7e-11ee-ae41-b03af61ad78a.resize1.jpg","125","1047","21","https://specokraska.ru/catalog/komplektuyushchie/filtry/0097023-filtr-setchatyy-100-mesh-zheltyy-wagner/","Фильтр предназначен для финишной очистки краски. Он играет важную роль в поддержании качества нанесения краски на поверхность, предотвращая попадание пыли, крупных частиц и других загрязнений, которые могут испортить конечный результат.

Вы можете подобрать фильтр для окрасочного аппарата, исходя из типа наносимого материала и его вязкости. Так, фильтры с крупной сеткой (модификация 30) используются для нанесения высоковязких материалов (краски по металлу, водные и водоэмульсионные краски, латексные краски, антикоррозионные краски, грунтовки по металлу, масленые краски, огнезащитные материалы, теплоизоляционные краски, эмали). Фильтры со средней сеткой (60 и 100) используются для нанесения материалов средней вязкости: краски по металлу, водные краски, водоэмульсионные краски, латексные краски, масленые краски и другие. 


Преимущества:

•    обеспечивает качественное и равномерное покрытие;
•    защищает оборудование от попадание посторонних частиц;
•    помогает поддерживать чистоту рабочего помещения.
","0097023","SCHTAER,SCHTAER","КИТАЙ","","","170","","","","","","","","","","","","","","","","","","","","","","","","","","","","","","","","","","","","","","","","","","","","","","","","","","","","","","","","","","","","","","","","","","",""
"1634","Mars20","Для жидких красок","Окрасочный аппарат Schtaer Mars 20","https://specokraska.ru/upload/iblock/ea6/2qxrxafqwizrpvno0z111izf1r8ozlj3/f3ebc55d-1671-11ea-945e-d4ae52a67367_f37827b2-ed09-11ef-ae4a-b03af61ad78a.resize1.jpg","31900","231","8","https://specokraska.ru/catalog/bezvozdushnye-okrasochnye-apparaty_2/stroitelnoe-okrasochnoe-oborudovanie-/elektricheskie-okrasochnye-apparaty_2/porshnevye-elektricheskie-okrasochnye-apparaty_2/dlya-zhidkikh-krasok_1/schtaer-mars-20/","Schtaer Mars 20 предназначен для безвоздушного распыления разных строительных красок с максимальным давлением в 227 бар. Предназначен для нанесения лакокрасочных материалов низкой и средней вязкости на основе растворителя и на водной основе. Подключается к стандартной электрической сети с напряжением 220 вольт. Производительность этого агрегата составляет 2,2 л/мин.

Аппарат довольно мощный (900 W), с относительно невысоким уровнем шума и вибрации (73,9 Дб и 2,84 м/с2). Его можно эксплуатировать при температуре окружающей среды от +5 до +40 С0. Работает с любыми строительными красками, предназначенными для распыления через безвоздушные краскопульты. Совместим с соплами разного диаметра, что позволяет менять скорость распыления и толщину наносимого слоя. Предназначен для нанесения лакокрасочных материалов низкой и средней вязкости на водной основе и на основе растворителя.

Преимущества:

•	компактность и малый вес;
•	долговечный поршневой насос;
•	прочный металлический корпус;
•	высокая скорость нанесения ЛКМ;
•	плавная регулировка давления;
•	экономия краски при распылении.

Комплектация:

•	окрасочный аппарат;
•	безвоздушный краскопульт;
•	сопло 517;
•	шланг 15 метров;
•	удочка;
•	манометр.

Гарантия

Официальная гарантия на окрасочный агрегат — 12 месяцев. Сервис, обслуживание, поставка и цены на оригинальные запасные части и комплектующие, гарантийный и послегарантийный ремонт.
","Mars20","SCHTAER,SCHTAER,SCHTAER","Китай,Китай,КИТАЙ","18","40х40х55","1123","","","","","","","","","","","","","","","","","","","","","https://specokraska.ru/upload/iblock/075/3sp44998q0yke0h8w8yr5j8fih7jka6p/f3ebc55d-1671-11ea-945e-d4ae52a67367_e770ecc7-ed09-11ef-ae4a-b03af61ad78a.resize1.jpg","","","220","","Китай,Китай","","220V","2,0","0,017“","","","1","45 м","","227,227","","0,021,0,021”","Электрический","","900 Вт,0.9","Под краску","","","","","","","","Профессиональное","","","Поршневой,Поршневой","18.4","","","","","","","","","","","","",""
"1774","SCH-X450","Краскопульты","Безвоздушный краскораспылитель Schtaer SCH-X450","https://specokraska.ru/upload/iblock/497/4cch7ks3crk87o2t68bcnfncvx42cc8e/d2c67790-a098-11ed-ae38-b03af61ad78a_4e8e96fc-9679-11ee-ae41-b03af61ad78a.resize1.jpg","4500","204","19","https://specokraska.ru/catalog/kraskopulty/schtaer-x450-bezvozdushnyy-kraskopult/","SCH-X450 - безвоздушный краскораспылитель, который является неотъемлемой частью процесса отделки поверхностей и используется для распыления материалов под высоким давлением. Применяется для антикора и антигравия, водоэмульсионной краски, грунтовки, для густых красок, покраски, нанесения побелки. Краскопульт безвоздушного распыления подходит для распыления как водных, так и масляных ЛКМ и совместим со всеми окрасочными аппаратами Schtaer и аппаратами других популярных брендов.  

Преимущества: 

•	высокое качество исполнения; 
•	корпус пистолета из высококачественного алюминиевого сплава;
•	поворотный соединитель шланга для более легкого вращения в любом направлении;
•	легкий вес; 
•	мягкий ход спускового крючка; 
•	встроенный фильтр. 

Комплектация: 

•	краскораспылитель; 
•	соплодержатель; 
•	фильтр в ручку;
•	инструкция.

","SCH-X450","SCHTAER,SCHTAER","Китай,Китай,КИТАЙ","0.46","16x5x23","135","","","","","","","","","","","","","","","","","","","","","https://specokraska.ru/upload/iblock/091/haek0m2m5rnxrnworqyn3ywhv1dmj07h/d2c67790-a098-11ed-ae38-b03af61ad78a_4d7363d0-9679-11ee-ae41-b03af61ad78a.resize1.jpg","","","","","Китай,Китай","","","","517","","","","","","270, 250 бар","","","","","","","","","","","","","","","","","","0.6","","","","","","","","","","","","",""
"18001","SCH-03-150-5.0-К","Орбитальные","Шлифовальная машинка Schtaer SCH-03-150-5.0 ( + брелок)","https://specokraska.ru/upload/iblock/67e/wzz46jwmqcxus25lvj4zyqm4hc0ky8dl/2602b0cc-5f9f-11ef-ae45-b03af61ad78a_eed60a43-a1be-11ef-ae47-b03af61ad78a.resize1.jpg","16900","855","16","https://specokraska.ru/catalog/shlifmashinki/elektricheskie/ruchnye-shlifmashinki-/orbitalnye/sch-03-150-5-0-k-shlif-mashinka-ruchnaya-220v-50hz-350w-ekstsentrik-5-0-mm-v-kompl-s-brelkom/","Schtaer SCH-03-150 — профессиональная бесщеточная эксцентриковая шлифовальная машинка новой генерации. Используется для шлифовки изделий из дерева, пластика, композитных материалов, красок, лаков, грунтов и других поверхностей. Schtaer SCH-03-150 легко справляется с изогнутыми формами. Подходит для личного пользования.

Герметичная монтажная плата защищена от пыли и влаги. У машинки плавный пуск, 7-скоростной режим и пониженная вибрация. Технология Multi-Air сокращает пылеобразование и сохраняет рабочее место чистым. Магнитный тормоз, тормоз тарелки и удобная рукоятка с улучшенным хватом повышают удобство и качество шлифования. Съемный сетевой шнур позволяет быстро переключаться между шлифмашинками с ходом эксцентрика 5,0 мм и 2,5 мм, если они с пылеотводным шлангом.

Диаметр опоры: 150 мм
Ход эксцентрика: 2,5 или 5,0 мм

Преимущества:  

∙    равномерное и качественное шлифование;
∙    7 скоростей 4000-10000 об/мин;
∙    магнитный тормоз и тормоз тарелки;
∙    плавный пуск;
∙    высокая степень защиты от пыли и влаги(II);
∙    съемный сетевой шнур;
∙    удобная рукоятка с улучшенным хватом;
∙    удобная конструкция;
∙    компактность и малый вес.

Комплектация:

∙    шлифмашина;
∙    пылеотводный шланг;
∙    ключ;
∙    инструкция на русском языке;
∙    съемный сетевой шнур.

Гарантия

Официальная гарантия — 12 месяцев. Сервис, обслуживание, поставка и цены на оригинальные запасные части и комплектующие, гарантийный и послегарантийный ремонт.","SCH-03-150-5.0-К","SCHTAER,SCHTAER,SCHTAER","Китай,КИТАЙ","1.6","20х40х15","1145","","","","","","","","","","","","","","","","","","","","","https://specokraska.ru/upload/iblock/504/clx9115rb5fck3ai2zslf1j7uyy300dx/2602b0cc-5f9f-11ef-ae45-b03af61ad78a_eed609a7-a1be-11ef-ae47-b03af61ad78a.resize1.jpg","","","","","Китай","","220V","","","","","","","","","","","","","350","","","","","","","","","","","","","2.2","","","","бесщеточный","Да","","есть","150","есть","4000","5","есть","10000"
"18145","SCH-X690","Краскопульты","*SCH-X690 Краскораcпылитель безвоздушный,  250 бар, 1/4"" NPSM, 7/8""","https://specokraska.ru/upload/iblock/c2c/iigv8om1t98sopdw0gb5ymc9sqc66xu0/3e6f31d7-b158-11ef-ae47-b03af61ad78a_4a5b6ce3-bc6e-11ef-ae48-b03af61ad78a.resize1.jpg","5900","325","14","https://specokraska.ru/catalog/kraskopulty/sch-x690-kraskoracpylitel-bezvozdushnyy-250-bar-1-4-npsm-7-8/","*SCH-X690 Краскораcпылитель безвоздушный,  250 бар, 1/4"" NPSM, 7/8""","SCH-X690","SCHTAER,SCHTAER","","","","135","","","","","","","","","","","","","","","","","","","","","https://specokraska.ru/upload/iblock/618/jxpoj14s47mnner3m099z7uq2qem7gi4/3e6f31d7-b158-11ef-ae47-b03af61ad78a_c6305ed4-b16d-11ef-ae47-b03af61ad78a.resize1.jpg","","","","","","","","","","","","","","","","","","","","","","","","","","","","","","","","","","","","","","","","","","","","","",""
"18146","SCH-X5","Краскопульты","*SCH-X5 Краскораcпылитель безвоздушный,  250 бар, 1/4"" NPSM, 7/8""","https://specokraska.ru/upload/iblock/0aa/gt5rscbuj5p1q2h7uip203dlh7xspyrl/b0a5388e-b158-11ef-ae47-b03af61ad78a_9c145f7f-bc6e-11ef-ae48-b03af61ad78a.resize1.jpg","8200","316","15","https://specokraska.ru/catalog/kraskopulty/sch-x5-kraskoracpylitel-bezvozdushnyy-250-bar-1-4-npsm-7-8/","*SCH-X5 Краскораcпылитель безвоздушный,  250 бар, 1/4"" NPSM, 7/8""","SCH-X5","SCHTAER,SCHTAER","","","","135","","","","","","","","","","","","","","","","","","","","","https://specokraska.ru/upload/iblock/1b3/qyq19lcs7iooutjlieblgppzaihr9h16/b0a5388e-b158-11ef-ae47-b03af61ad78a_6ec66da4-b16e-11ef-ae47-b03af61ad78a.resize1.jpg","","","","","","","","","","","","","","","","","","","","","","","","","","","","","","","","","","","","","","","","","","","","","",""
"18715","SCH-W321-Y","Сопла","*SCH-W321-Y реверсивное безвоздушное сопло, цвет: желтый","https://specokraska.ru/upload/iblock/ddc/kmqlafn9wnuuu1oxx0oojip7mf3w18qp/fc67d924-c3ce-11ed-ae38-b03af61ad78a_25c6dc44-f444-11ef-ae4b-b03af61ad78a.resize1.jpg","880","300","15","https://specokraska.ru/catalog/komplektuyushchie/sopla/sch-w321-y-reversivnoe-bezvozdushnoe-soplo-tsvet-zheltyy/","*SCH-W321-Y реверсивное безвоздушное сопло, цвет: желтый","SCH-W321-Y","SCHTAER,SCHTAER","КИТАЙ","","","167","","","","","","","","","","","","","","","","","","","","","https://specokraska.ru/upload/iblock/2b2/ub9sg1br25cd60zoo8djapitq87xp77i/fc67d924-c3ce-11ed-ae38-b03af61ad78a_25c6dc10-f444-11ef-ae4b-b03af61ad78a.resize1.jpg","","","","","","","","","","","","","","","","","","","","","","","","","","","","","","","","","","","","","","","","","","","","","",""
"18721","SCH-W515-Y","Сопла","*SCH-W515-Y реверсивное безвоздушное сопло, цвет: желтый","https://specokraska.ru/upload/iblock/942/zljhts31wfqwyeguezteve07gf12gamj/67232c47-c3cf-11ed-ae38-b03af61ad78a_d2f9ae30-f443-11ef-ae4b-b03af61ad78a.resize1.jpg","880","473","16","https://specokraska.ru/catalog/komplektuyushchie/sopla/sch-w515-y-reversivnoe-bezvozdushnoe-soplo-tsvet-zheltyy/","*SCH-W515-Y реверсивное безвоздушное сопло, цвет: желтый","SCH-W515-Y","SCHTAER,SCHTAER","КИТАЙ","","","167","","","","","","","","","","","","","","","","","","","","","https://specokraska.ru/upload/iblock/4fc/4x7q77j0g8spjtbv4848kwmvptag6vv7/67232c47-c3cf-11ed-ae38-b03af61ad78a_d2f9adfc-f443-11ef-ae4b-b03af61ad78a.resize1.jpg","","","","","","","","","","","","","","","","","","","","","","","","","","","","","","","","","","","","","","","","","","","","","",""
"18722","SCH-W517-Y","Сопла","*SCH-W517-Y реверсивное безвоздушное сопло, цвет: желтый","https://specokraska.ru/upload/iblock/4ef/2h8pcxun4z3mfjdce4ssz4zoq6p553oy/89127b26-c3cf-11ed-ae38-b03af61ad78a_89879aaa-f444-11ef-ae4b-b03af61ad78a.resize1.jpg","880","300","14","https://specokraska.ru/catalog/komplektuyushchie/sopla/sch-w517-y-reversivnoe-bezvozdushnoe-soplo-tsvet-zheltyy/","*SCH-W517-Y реверсивное безвоздушное сопло, цвет: желтый","SCH-W517-Y","SCHTAER,SCHTAER","КИТАЙ","","","167","","","","","","","","","","","","","","","","","","","","","https://specokraska.ru/upload/iblock/842/mqjtuzraj52ovc5t9aepa8dx7ub9qd3h/89127b26-c3cf-11ed-ae38-b03af61ad78a_89879a2e-f444-11ef-ae4b-b03af61ad78a.resize1.jpg","","","","","","","","","","","","","","","","","","","","","","","","","","","","","","","","","","","","","","","","","","","","","",""
"18723","SCH-W519-Y","Сопла","*SCH-W519-Y реверсивное безвоздушное сопло, цвет: желтый","","880","676","17","https://specokraska.ru/catalog/komplektuyushchie/sopla/sch-w519-y-reversivnoe-bezvozdushnoe-soplo-tsvet-zheltyy/","*SCH-W519-Y реверсивное безвоздушное сопло, цвет: желтый","SCH-W519-Y","SCHTAER,SCHTAER","КИТАЙ","","","167","","","","","","","","","","","","","","","","","","","","","https://specokraska.ru/upload/iblock/827/yrh9de3ov0rdll18gtjeq10sp74oi3pa/SCH-W front.jpg","","","","","","","","","","","","","","","","","","","","","","","","","","","","","","","","","","","","","","","","","","","","","",""
"18735","SCH-W433-Y","Сопла","*SCH-W433-Y реверсивное безвоздушное сопло, цвет: желтый","","880","262","6","https://specokraska.ru/catalog/komplektuyushchie/sopla/sch-w433-y-reversivnoe-bezvozdushnoe-soplo-tsvet-zheltyy/","*SCH-W433-Y реверсивное безвоздушное сопло, цвет: желтый","SCH-W433-Y","SCHTAER,SCHTAER","КИТАЙ","","","167","","","","","","","","","","","","","","","","","","","","","https://specokraska.ru/upload/iblock/5e3/2m2793xkd5nwarbu2phrv0ipiw1sz55p/SCH-W front.jpg","","","","","","","","","","","","","","","","","","","","","","","","","","","","","","","","","","","","","","","","","","","","","",""
"18748","SCH-W323-Y ","Сопла","*SCH-W323-Y реверсивное безвоздушное сопло, цвет: желтый","https://specokraska.ru/upload/iblock/360/mz1qaxmsu3do04to0s7jdkoy20ct61dd/f9552a43-6804-11ee-ae3d-b03af61ad78a_0bcc1814-f444-11ef-ae4b-b03af61ad78a.resize1.jpg","880","229","19","https://specokraska.ru/catalog/komplektuyushchie/sopla/sch-w323-y-reversivnoe-bezvozdushnoe-soplo-tsvet-zheltyy/","*SCH-W323-Y реверсивное безвоздушное сопло, цвет: желтый","SCH-W323-Y ","SCHTAER,SCHTAER","КИТАЙ","","","167","","","","","","","","","","","","","","","","","","","","","https://specokraska.ru/upload/iblock/db9/j4ftra3b7cnbpjtrqyrldnrpbc91vicc/f9552a43-6804-11ee-ae3d-b03af61ad78a_0bcc17e0-f444-11ef-ae4b-b03af61ad78a.resize1.jpg","","","","","","","","","","","","","","","","","","","","","","","","","","","","","","","","","","","","","","","","","","","","","",""
"18755","SCH-W435-Y","Сопла","*SCH-W435-Y реверсивное безвоздушное сопло, цвет: желтый","","880","320","11","https://specokraska.ru/catalog/komplektuyushchie/sopla/sch-w435-y-reversivnoe-bezvozdushnoe-soplo-tsvet-zheltyy/","*SCH-W435-Y реверсивное безвоздушное сопло, цвет: желтый","SCH-W435-Y","SCHTAER,SCHTAER","КИТАЙ","","","167","","","","","","","","","","","","","","","","","","","","","","","","","","","","","","","","","","","","","","","","","","","","","","","","","","","","","","","","","","","","","","","","","","",""
"22132","SCH-XHD321-G","Сопла","*SCH-XHD321-G реверсивное безвоздушное сопло, цвет: серый","","1500","154","10","https://specokraska.ru/catalog/komplektuyushchie/sopla/sch-xhd321-g-reversivnoe-bezvozdushnoe-soplo-tsvet-seryy/","*SCH-XHD321-G реверсивное безвоздушное сопло, цвет: серый","SCH-XHD321-G","","","","","167","","","","","","","","","","","","","","","","","","","","","","","","","","","","","","","","","","","","","","","","","","","","","","","","","","","","","","","","","","","","","","","","","","",""
"22133","SCH-XHD323-G","Сопла","*SCH-XHD323-G реверсивное безвоздушное сопло, цвет: серый","","1500","171","13","https://specokraska.ru/catalog/komplektuyushchie/sopla/sch-xhd323-g-reversivnoe-bezvozdushnoe-soplo-tsvet-seryy/","*SCH-XHD323-G реверсивное безвоздушное сопло, цвет: серый","SCH-XHD323-G","","","","","167","","","","","","","","","","","","","","","","","","","","","","","","","","","","","","","","","","","","","","","","","","","","","","","","","","","","","","","","","","","","","","","","","","",""
"22134","SCH-XHD517-G","Сопла","*SCH-XHD517-G реверсивное безвоздушное сопло, цвет: серый","","1500","272","15","https://specokraska.ru/catalog/komplektuyushchie/sopla/sch-xhd517-g-reversivnoe-bezvozdushnoe-soplo-tsvet-seryy/","*SCH-XHD517-G реверсивное безвоздушное сопло, цвет: серый","SCH-XHD517-G","","","","","167","","","","","","","","","","","","","","","","","","","","","","","","","","","","","","","","","","","","","","","","","","","","","","","","","","","","","","","","","","","","","","","","","","",""
"2944","0097044","Фильтры","Фильтр Schtaer 60М белый для аппарата Mars 20, YKJ 120 0097044","https://specokraska.ru/upload/iblock/ccb/u5873srr47vfypce1z9hmc9xgf3kxwjk/e518ebc0-d4e4-11ec-ae30-b03af61ad78a_835c99b0-ca66-11ee-ae41-b03af61ad78a.resize1.jpg","165","591","33","https://specokraska.ru/catalog/komplektuyushchie/filtry/filtr-60mesh-dlya-kraskoraspylitelya/","Фильтр 60 меш для аппарата Mars 20 и YKJ 120 предназначен для финишной очистки краски. Он играет важную роль в поддержании качества нанесения краски на поверхность, предотвращая попадание пыли, крупных частиц и других загрязнений, которые могут испортить конечный результат.

Вы можете подобрать фильтр для окрасочного аппарата, исходя из типа наносимого материала и его вязкости. Так, фильтры с крупной сеткой (модификация 30) используются для нанесения высоковязких материалов (краски по металлу, водные и водоэмульсионные краски, латексные краски, антикоррозионные краски, грунтовки по металлу, масленые краски, огнезащитные материалы, теплоизоляционные краски, эмали). Фильтры со средней сеткой (60 и 100) используются для нанесения материалов средней вязкости: краски по металлу, водные краски, водоэмульсионные краски, латексные краски, масленые краски и другие. 


Преимущества:

•    обеспечивает качественное и равномерное покрытие;
•    защищает оборудование от попадание посторонних частиц;
•    помогает поддерживать чистоту рабочего помещения.
","0097044","SCHTAER,SCHTAER","КИТАЙ","0,1","10","170","","","","","","","","","","","","","","","","","","","","","","","","","","","","","","","","","","","","","","","","","","","","","","","","","","","","","","0,12","","","","","","","","","","","","",""
"2983","SCH-250-1/4-15-Y","Шланги","Шланг высокого давления Schtaer SCH-250-1/4-15-Y","https://specokraska.ru/upload/iblock/fd1/thc7opzn0gh5bvshlykyosco80wo9ywn/94e6391f-a07a-11ed-ae38-b03af61ad78a_deee5e7b-ca66-11ee-ae41-b03af61ad78a.resize1.jpg","2500","791","14","https://specokraska.ru/catalog/komplektuyushchie/shlangi/17200040-15-shlang-vysokogo-davleniya-neantistaticheskiy-1-4-npsm-zheltyy/","SCH-250-1/4-15-Y - шланг высокого давления для подачи краски от окрасочного аппарата на безвоздушный краскопульт. Шланг сделан с полиамидным сердечником, на концах шланга присоединительные ниппели для прикручивания шланга к краскопульту или к окрасочному аппарату. Для предотвращения перетирания шлангов в местах стыка с концевыми соединительными ниппелями на шлангах стоят пружины.

Присоединительная резьба на шланге 1/4"", что позволяет прикручивать шланг к любому китайскому или американскому электрическому окрасочному аппарату. 

В случае если у вас европейский окрасочный аппарат, у него может быть присоединительная резьба Мх16х1,5, в таком случае вам понадобится приобрести дополнительный переходник для подключения.

Длина у шланга 15 метров, при необходимости шлангов большей длины, шланги можно скручивать между собой. 

Шланг работает на давлениях до 250 бар, больше данного давления на шланг подавать не рекомендуется.

Проходной диаметр шланга составляет 6 мм, что позволяет использовать данный шланг для подачи краски средней вязкости, либо лакокрасочных материалов, распыляемых через сопло с сечением до 0,021""


Преимущества:

•	выдерживает долгую непрерывную работу;
•	шланги стоики к воздействию как стандартных растворителей, так и воды;
•	обеспечивают стабильное давление и поток краски, что позволяет получить качественное покрытие;
•	позволяют свободно перемещаться во время работы, достигая труднодоступных мест.
","SCH-250-1/4-15-Y","SCHTAER,SCHTAER","Китай,КИТАЙ","","","172","","","","","","","","","","","","","","","","","","","","","https://specokraska.ru/upload/iblock/3be/27ipo7fcut9yj1avyf00wvaofmtl9w9t/94e6391f-a07a-11ed-ae38-b03af61ad78a_b0c673e9-e18d-11ee-ae42-b03af61ad78a.resize1.jpg","","","","","Китай","","","","","","","","","","227 бар","","","","","","","","","","","","","","","","","","","","","","","","","","","","","","",""
"4455","637CSN-1","Соплодержатели","*637CSN-1 Вертлюг на соединение 1/4"" x1/4"" 224457","https://specokraska.ru/upload/iblock/b4e/kmubz1ywavnkosz0l36pycqss2os2lly/9a6df782-a709-11e9-9458-d4ae52a67367_58fcbb7e-ca68-11ee-ae41-b03af61ad78a.resize1.jpg","1100","569","12","https://specokraska.ru/catalog/komplektuyushchie/soploderzhateli/vertlyug-dlya-vrashcheniya-bezvozdushnogo-kraskopulta-1-4-kh1-4/","*637CSN-1 Вертлюг на соединение 1/4"" x1/4"" 224457","637CSN-1","SCHTAER,SCHTAER","Китай","","","168","","","","","","","","","","","","","","","","","","","","","","","","","","Китай","","","","","","","","","","","","","","","","","","","","","","","","","","","","","","","","","","","","","","","","",""
"4459","07051002","Соплодержатели","*07051002 соединитель шланга 1/4''x1/4'' npsm (аналог 300203)","https://specokraska.ru/upload/iblock/7d9/54mvwj5bucfwjubz8tu1fqjt0lv3863j/a1a8e6e1-0bf7-11e4-940e-d4ae52a67367_839b3150-ca69-11ee-ae41-b03af61ad78a.resize1.jpg","300","1951","12","https://specokraska.ru/catalog/komplektuyushchie/soploderzhateli/soedinitel-dlya-shlangov-1-4-x1-4/","*07051002 соединитель шланга 1/4''x1/4'' npsm (аналог 300203)","07051002","SCHTAER,SCHTAER","Китай","","","168","","","","","","","","","","","","","","","","","","","","","","","","","","Китай","","","","","","","","","","","","","","","","","","","","","","","","","","","","","","","","","","","","","","","","",""
"7134","YKJ520.2","Для жидких красок","Окрасочный аппарат YOKIJI YKJ 520.2 ","https://specokraska.ru/upload/iblock/faf/vxz7dy2bdjw397sh82aauys5ieg3qe27/4243b33b-f0a6-11ed-ae39-b03af61ad78a_6581f6b1-51bb-11f0-ae53-b03af61ad78a.resize1.jpg","59900","106","5","https://specokraska.ru/catalog/bezvozdushnye-okrasochnye-apparaty_2/stroitelnoe-okrasochnoe-oborudovanie-/elektricheskie-okrasochnye-apparaty_2/porshnevye-elektricheskie-okrasochnye-apparaty_2/dlya-zhidkikh-krasok_1/yokiji-ykj-520-2-okrasochnyy-apparat-bezvozdushnyy/","YOKIJI YKJ 520.2 – компактный легкий поршневой окрасочный аппарат с фильтром материала, электронной регулировкой давления и бесщеточным мотором. Ориентирован на выполнение интерьерных отделочных работ: нанесения грунтов, красок, эмалей на стены, потолки; также может применяться при окраске фасадов зданий, металлических и деревянных конструкций. Аппарат работает по принципу безвоздушного распыления под высоким давлением: материал подается от окрасочного агрегата через краскопульт, оснащенный соплом в соответствии с распыляемым материалом.

Преимущества окрасочного аппарата YKJ 520.2:

•	высокая скорость нанесения краски при небольшом опыле;
•	высокое качество покраски - стабильное давление, обеспечиваемое электронным регулятором, обеспечивает интерьерную окраску высокого качества;
•	возможность наращивания шланга до 45 метров;
•	компактность и малый вес - не требует дополнительного транспорта для перевозки;
•	дополнительный фильтр для краски на корпусе аппарата предохраняет сопло от частого засорения при распылении ""грязного"" материала;
•	возможность работы при температуре окружающей среды от +10 С;
•	может применяться для распыления двухкомпонентных красок со сроком жизни от 1 часа.


Комплект поставки оборудования для покрасочных работ:

•	окрасочный аппарат с электрическим двигателем на ножках;
•	шланг высокого давления 15 метров;
•	краскопульт безвоздушного распыления;
•	сопло реверсивное безвоздушное;
•	масло для смазки штока поршня 125 мл.;
•	инструкция на русском языке.


Гарантия

Все окрасочное оборудование YOKIJI проверяется вручную на заводе-изготовителе. На все окрасочное оборудование предоставляется гарантия на отсутствие заводского брака — 12 месяцев. Обеспечивается гарантийный и послегарантийный ремонт, а также поставка запасных частей и комплектующих.
","YKJ520.2","YOKIJI,YOKIJI,Yokiji","Китай,Китай","16","49х42х53","1123","","","","","","","","","","","","","","","","","","","","","https://specokraska.ru/upload/iblock/559/05u3ipe99lef4j1i1vsm8mc66l25tpks/4243b33b-f0a6-11ed-ae39-b03af61ad78a_7751c1ad-51bb-11f0-ae53-b03af61ad78a.resize1.jpg","","","220","","Китай,Китай","2,5","220,220V","2,5","","","","","","","227","","0,023","Электрический","","2.2","Под краску","","","","","","","поршневой","Профессиональное","","","Поршневой,Поршневой","21","","","","","","","","","","","","",""
"7141","YKJ720.2","Для жидких красок","Окрасочный аппарат YOKIJI YKJ 720.2 ","https://specokraska.ru/upload/iblock/e08/gv23n6rzwmbikcel4olvqjknanwej0ep/74a1d84e-f0a6-11ed-ae39-b03af61ad78a_94da51aa-9163-11ef-ae47-b03af61ad78a.resize1.jpg","83900","115","3","https://specokraska.ru/catalog/bezvozdushnye-okrasochnye-apparaty_2/stroitelnoe-okrasochnoe-oborudovanie-/elektricheskie-okrasochnye-apparaty_2/porshnevye-elektricheskie-okrasochnye-apparaty_2/dlya-zhidkikh-krasok_1/ykj720-2-okrasochnyy-apparat-yokiji-4-l-220v-50-hz/","YOKIJI YKJ 720.2 – компактный легкий поршневой окрасочный аппарат с фильтром материала, электронной регулировкой давления и бесщеточным мотором. Ориентирован на выполнение интерьерных отделочных работ: нанесения грунтов, красок, эмалей на стены, потолки; также может применяться при окраске фасадов зданий, металлических и деревянных конструкций. Аппарат работает по принципу безвоздушного распыления под высоким давлением: материал подается от окрасочного агрегата через краскопульт, оснащенный соплом в соответствии с распыляемым материалом.


Преимущества окрасочного аппарата YKJ720.2:

•	высокая скорость нанесения краски при небольшом опыле.
•	высокое качество покраски - стабильное давление, обеспечиваемое электронным регулятором, обеспечивает интерьерную окраску высокого качества.
•	возможность наращивания шланга до 45 метров.
•	компактность и малый вес - не требует дополнительного транспорта для перевозки.
•	дополнительный фильтр для краски на корпусе аппарата предохраняет сопло от частого засорения при распылении ""грязного"" материала.
•	возможность работы при температуре окружающей среды от +10 С.
•	может применяться для распыления двухкомпонентных красок со сроком жизни от 1 часа.


Комплект поставки оборудования для покрасочных работ:

•	окрасочный аппарат с электрическим двигателем на ножках;
•	шланг высокого давления 15 метров;
•	краскопульт безвоздушного распыления;
•	сопло реверсивное безвоздушное;
•	масло для смазки штока поршня 125 мл.;
•	инструкция на русском языке.


Гарантия:

Все окрасочное оборудование YOKIJI проверяется вручную на заводе-изготовителе. На все окрасочное оборудование предоставляется гарантия на отсутствие заводского брака — 12 месяцев. Обеспечивается гарантийный и послегарантийный ремонт, а также поставка запасных частей и комплектующих.
","YKJ720.2","YOKIJI,YOKIJI,Yokiji","Китай,Китай","20","49х43х62","1123","","","","","","","","","","","","","","","","","","","","","https://specokraska.ru/upload/iblock/91e/2hbbt8adrdmq1epip2drx4jwreey7vlp/74a1d84e-f0a6-11ed-ae39-b03af61ad78a_94da51de-9163-11ef-ae47-b03af61ad78a.resize1.jpg","","","220","","Китай,Китай","4","220,220V","4","","","","","","","227","","0,035","Электрический","","2.8","Под краску","","","","","","","поршневой","Профессиональное","","","Поршневой,Поршневой","26","","","","","","","","","","","","",""
